posts,angry,fear,happy,neutral,sad,surprise
今天终于把办公室的整理完了，真的是超级满足！🌟这才是我的效率！什么事都得有个计划，才能做得漂亮！,0.0,0.0,1.0,0.0,0.0,0.0
又是加班的一天，不过在忙碌中还好能偶尔享受一点点美食，今天的炸鸡真是太对胃口了！🍗🏆,0.0,0.0,1.0,0.0,0.08,0.06
永远不浪费时间！今天整理了家里的物品，丢掉不需要的，剩下的全都整整齐齐，看的我自己都开心！📦,0.0,0.0,1.0,0.0,0.0,0.0
一天到晚都在忙工作，今天终于抽空把周末的行程安排好，计划得满满当当！这样我才有动力向前冲！💼,0.0,0.0,0.96,0.0,0.0,0.0
终于完成了这个大项目，真是太有成就感了！👏看，努力就会有回报！今天必须奖励自己一下！,0.0,0.0,1.0,0.0,0.0,0.0
加班到晚上，手上的文件都整理好了，效率满分！明天的工作我早就安排得妥妥的！🌟,0.17,0.0,0.94,0.0,0.0,0.06
刚吃完午餐，准备继续战斗！工作永远不嫌多，只要做得有条理，什么都能搞定！📋💪,0.0,0.0,0.91,0.0,0.0,0.0
每天都要做个有计划的人，今天把所有任务清单完成了！早起晨跑的习惯也没放下，充满力量的一天！🏃‍♂️,0.0,0.0,1.0,0.0,0.0,0.0
忙了一整天，终于有时间享受一下小龙虾，果然生活就是要有点美味的奖励！🦞🌶️,0.0,0.0,1.0,0.0,0.0,0.0
一天的工作结束了，总结一下：效率满分，问题解决了！总结有助于更好地提高自己，明天再接再厉！📈,0.0,0.0,0.92,0.09,0.0,0.0
还好及时完成了任务，这样我就可以准时下班了！工作中总是要有目标，才会更高效！💻📅,0.0,0.0,1.0,0.0,0.0,0.0
今天的晨跑时间给了我超多灵感，顺便也准备好了今天的工作，效率极高！每一天都要抓住机会！⏱️,0.0,0.0,1.0,0.0,0.0,0.0
今天吃到了刚做好的炸鸡，实在太香了！我敢打包票，这辈子没吃过比这个更美味的了！🍗🔥,0.0,0.0,0.82,0.0,0.0,0.2
明天有个重要的会议，今天提前准备好所有资料，感觉自己无敌了！一切都在掌控中！📚,0.0,0.0,0.82,0.0,0.0,0.0
工作压力山大，但任务都能按时完成，我算是很自豪！最重要的是，不管多忙都得保持高效率！💼,0.0,0.0,0.95,0.0,0.0,0.0
每次完成任务后，总是喜欢看看自己的成就感，今天工作完成得完美，奖赏自己一顿美食！🍔,0.0,0.0,1.0,0.0,0.0,0.0
昨天晚上没睡好，但今天还是按时到达公司，时间管理果然很重要！继续保持！⏰,0.0,0.0,0.95,0.0,0.0,0.0
终于整理好了一堆旧文件，看着满桌清理干净的桌面，心情也好了！做事就是要有条理！📂,0.0,0.0,1.0,0.0,0.05,0.0
今日的工作成果已达到预期！有计划，做事井井有条，效率自然超高！📅✅,0.06,0.0,0.95,0.0,0.0,0.06
终于决定周末去健身房了！工作做得再好，身体健康才是最重要的！🏋️‍♀️,0.0,0.0,0.96,0.0,0.06,0.09
大家都在抱怨压力，但我始终相信，能在压力中找到节奏，工作就不难了！✨,0.0,0.0,0.86,0.06,0.06,0.0
今天的任务很繁琐，但是我把每一件都安排得井井有条，真是效率满分！💪,0.0,0.0,0.99,0.0,0.0,0.0
工作中最重要的是保持冷静，知道自己该做什么，完成起来才不会慌乱！📋,0.0,0.0,0.67,0.31,0.0,0.0
看到了一个好用的工作APP，打算明天就来试试，提升效率才是王道！📱💼,0.0,0.0,0.84,0.09,0.0,0.0
跟小伙伴们去吃饭，虽然工作忙碌，但偶尔放松一下，也很不错！生活要有平衡！🍜,0.0,0.0,1.0,0.0,0.0,0.0
加班到很晚，但任务完成了。下一步准备整理我的周计划，继续保持工作动力！📑,0.06,0.0,0.92,0.0,0.0,0.0
确定了明天的出差行程，做事就得有规划，才能避免到时候手忙脚乱！✈️,0.0,0.0,0.45,0.34,0.13,0.09
不管再忙，记得抽点时间休息，今天的下午茶给了我满满的能量，接下来的工作加油！🍰,0.06,0.0,1.0,0.0,0.0,0.0
看完一个视频，感觉很有收获，决定下次工作时参考一下，提升自己的工作效率！🎥,0.0,0.0,0.87,0.12,0.0,0.0
终于决定开始学习新的技能，工作中的一切都得不断提高自己，不能停滞！📚,0.0,0.0,0.88,0.0,0.0,0.0
总是提前计划每一天，不管是工作还是生活，做事就要有条理！今天的进展非常顺利！📝,0.09,0.0,1.0,0.0,0.0,0.0
跟团队讨论完一个方案，大家的意见汇总后，进展顺利！团队合作也很重要！👥,0.0,0.0,0.78,0.25,0.0,0.0
今天准备了会议资料，做得很充实，心里觉得很有成就感！🔑,0.0,0.0,1.0,0.0,0.0,0.0
刚才总结了一下本周的工作，感觉进步了很多，继续保持高效率的节奏！📈,0.0,0.0,0.93,0.0,0.0,0.0
发现一个新餐厅，食物特别有特色，决定以后常去！生活中也要有一些新鲜感！🍽️,0.0,0.0,0.96,0.0,0.0,0.08
今天又加班了，不过成果很丰硕！有时候，工作就是这么累但值得！📊,0.0,0.0,1.0,0.0,0.1,0.0
忙碌的一天终于结束，准备好迎接明天的新挑战！加油！💥,0.0,0.05,1.0,0.0,0.0,0.0
刚回家就开始整理文件，效率惊人！看来自己的工作计划还是很靠谱的！🗂️,0.0,0.0,0.91,0.0,0.0,0.16
最近超爱组织活动，今天筹备的会议特别成功，觉得自己有点小骄傲！🎉,0.0,0.0,1.0,0.0,0.0,0.0
今天的工作我给自己打满分，效率真高，感觉人生就是要这样把事情做完！📑,0.0,0.0,1.0,0.0,0.0,0.0
忙碌的生活中，我依然坚持早起锻炼，生活要有规律！🏃‍♂️,0.0,0.0,0.87,0.1,0.0,0.0
朋友送了我一个新的日历，感觉每一天都更加有计划了！📅,0.0,0.0,1.0,0.0,0.0,0.0
加班完成了所有任务，继续向前进！每次完成工作都超有满足感！💪,0.0,0.0,1.0,0.0,0.0,0.0
突然发现自己真的是个完美主义者，每一件事都要做到最好！📈,0.0,0.0,0.93,0.0,0.0,0.1
按时完成了今天的任务，明天又有新挑战，工作永远都不嫌多！🔑,0.0,0.0,1.0,0.0,0.0,0.0
解决了几个棘手问题，感觉自己简直太厉害了！工作中的解决方案永远要快速果断！💡,0.0,0.0,0.87,0.0,0.0,0.0
今天在公司的会议上提出了新的方案，得到了大家的认可，工作中就要有自己的主见！📋,0.07,0.0,0.71,0.28,0.0,0.0
今天吃了小龙虾，工作忙碌的日子里偶尔奖励一下自己，生活才更有意义！🦞,0.0,0.0,1.0,0.0,0.0,0.0
跟团队开了个小小的总结会，觉得大家都超棒，接下来的工作一定会更顺利！👏,0.07,0.0,1.0,0.0,0.0,0.0
跟朋友一起计划了下周的出游，工作都安排好了，生活不能只有忙碌，还得有乐趣！🌴,0.0,0.0,0.97,0.0,0.0,0.0
